date,province,place,responsible,death,desc,lat,lng
2014-12-14,黑龙江,黑龙江鸡西市鸡东县 ,加奥煤炭销售有限公司兴运煤矿,10,发生瓦斯爆炸事故，造成10人死亡。,45.27322821,131.2256537
2011-10-11,黑龙江,黑龙江鸡西市鸡东县,金地煤矿,13,掘进工作面发生透水事故，造成13人死亡。,45.27322821,131.2256537
2014-8-14,黑龙江,黑龙江鸡西市城子河区,安之顺煤矿,16,在回撤设备过程中违法生产发生透水事故，造成16人死亡。,45.37968976,131.0277043
2013-1-28,黑龙江,黑龙江省黑河市,黑河铁路集团有限责任公司五大连池市客运有限责任公司,10,40296次列车在北黑线襄河车站内一平交道口处与五大连池市客运有限责任公司一辆大客车（黑N21198，核载35人，实载55）相撞，造成10人死亡，37人受伤。,50.25069009,127.5008303
2012-5-2,黑龙江,黑龙江省鹤岗市兴安区,峻源二煤矿,13,发生透水事故，造成13人死亡。,47.23371007,130.2443753
2013-3-11,黑龙江,黑龙江省鹤岗市,龙煤集团鹤岗分公司振兴煤矿,18,发生透水事故，造成4人死亡，14人下落不明。,47.3386659,130.2924721
2013-1-29,黑龙江,黑龙江省牡丹江市东宁县,永盛煤矿,12,3人入井维护抽水时发生一氧化碳中毒，另17人在下井抢救时也发生中毒，事故共造成12人死亡，8人受伤。,44.03243574,130.8503891
2012-9-22,黑龙江,黑龙江双鸭山市友谊县,龙山镇煤矿十井,12,三段车场馈电开关着火引起空压机爆炸，引燃支护木棚，导致硐室顶板冒落，造成12人死亡。,46.78859281,131.8549989
2012-12-1,黑龙江,黑龙江七台河市桃山区,福瑞祥煤炭有限责任公司八井,10,发生透水事故，造成8人死亡，2人失踪。,45.77009251,130.9925031
2011-10-16,陕西,陕西铜川市耀州区,田玉煤矿,11,东运输巷掘进工作面发生瓦斯爆炸事故，造成11人死亡。,35.03200036,108.8354997
2011-11-14,陕西,陕西西安市雁塔区,嘉天国际公寓樊记腊汁肉夹馍店,11,发生液化气罐泄漏爆炸事故，造成11人死亡，31人受伤。,34.22141492,108.9387904
2012-10-10,陕西,"陕西西安市周至县, ",中铁十八局集团有限公司,13,引汉济渭工程民工宿舍发生火灾，造成13人死亡，24人受伤。,33.95360236,108.1135415
2011-9-10,陕西,陕西省西安市玄武路北关村,凯玄大厦建筑工地，陕西省建工集团十一公司,10,在高层附着式脚手架上进行外墙立面贴及冲刷作业时，发生脚手架局部解体坠落事故，造成10人死亡，2人重伤。,34.29042465,108.9521862
2013-7-23,陕西,陕西渭南市澄城县,澄城县硫磺矿,10,发生火灾，造成10人死亡，9人受伤。,35.22256449,109.9016052
2014-5-14,陕西,陕西榆林市,中煤陕西榆林能源化工有限公司大海则煤矿,13,发生溜灰管坠落事故，造成13人死亡和下落不明。,38.27943924,109.7459257
2012-8-26,陕西,陕西延安市安塞县 ,"1.内蒙古呼运（集团）有限责任公司
2.河南省孟州市汽车运输有限责任公司",36,一辆宇通牌大客车（蒙AK1475，核载39人、实载39人）在包茂高速安塞段484公里+95米处，与河南省孟州市汽车运输有限责任公司一辆解放牌大货车（豫HD6962，核载33.5吨，实载35.22吨甲醇）追尾相撞，导致货车载甲醇泄漏起火并引燃客车，造成36人死亡，3人受伤。,36.92691988,109.1706815
2015-5-15,陕西,陕西咸阳市淳化县,"1、铜川王益区运输公司
2、依诺相伴生活馆",35,西安依诺相伴生活馆雇佣的铜川王益区运输公司一辆个人所有“营转非”大客车（陕B23938，核载47人、实载46人）在淳卜路2千米+450米处坠崖，造成35人死亡、11人受伤。,34.86911575,108.5702188
2014-3-25,重庆,重庆市黔江区 ,"1.泸州长龙集团有限责任公司
2.重庆金照汽车运输有限公司",16,一辆大客车（川E34436）行至包茂高速1863公里200米处发生侧翻，随后被一辆货车（渝BR2602）追尾碰撞，并致使后续车辆相继追尾，造成16人死亡，54人受伤。,29.44098103,108.714808
2011-10-17,重庆,重庆奉节县大树镇,一非法采煤窝点,14,利用富发煤矿报废风井生产时发生瓦斯爆炸事故，造成14人死亡。,31.21342352,109.332468
2012-8-20,重庆,重庆合川区,重庆市方固汽车运输有限公司,12,一辆重型自卸货车（渝BN7976，核载15.9吨，实载37吨）从清平镇驶往北碚区，行至110省道22公里600米处，与对向行驶的一辆小型客车（渝AEG122，核载8人、实载13人）相撞，造成12人死亡，1人受伤。,30.11870826,106.3180288
2013-10-12,重庆,重庆丰都县,中交路桥华东工程有限公司,11,长江二桥四号桥墩在建工地围堰垮塌，造成11人死亡。,29.89059572,107.8375174
2014-6-3,重庆,重庆万盛经济开发区,南桐矿业公司砚石台煤矿,22,发生瓦斯事故，造成22人死亡。,28.9164886,106.9237205
2012-2-20,辽宁,辽宁鞍山市,鞍钢重型机械有限责任公司铸钢厂,13,铸钢车间一钢包在浇注时发生喷爆事故，造成13人死亡，17人受伤。,41.11874368,123.0077633
2014-11-26,辽宁,辽宁阜新市 ,阜新矿业集团恒大煤业有限公司,28,发生煤尘爆燃事故，造成28人死亡，50人受伤。,42.01925011,121.6608221
2012-3-22,辽宁,辽宁辽阳市灯塔市,大黄二矿,22,发生瓦斯爆炸事故，事故当班下井23人，造成5人死亡，17人失踪，1人受伤。,41.42009886,123.3125736
2012-4-7,辽宁,辽宁省大连市,一辆个人所有中巴车（辽B2279W，核载27人，实载25人）,14,坠入道路右侧深20米的沟内，造成14人死亡，11人受伤。,38.94870994,121.5934778
2011-4-29,辽宁,辽宁省,“辽葫渔35457”号渔船,10,在山东龙须岛外3.5海里处海域倾覆，船上10人全部落水，造成10人死亡和失踪。,41.62160011,122.7535916
2012-11-28,辽宁,辽宁大连市金州区,个人所有,16,一艘渔船（辽大金渔养81388，载17名船员）在杏树屯猴儿石港出发准备出海作业时发生翻沉，造成15人死亡，1人下落不明。,39.29861907,121.9565825
2011-10-8,辽宁,辽宁大连市旅顺口区塔河湾,大连阿尔滨建设集团公司,13,蓝湾三期施工现场发生坍塌事故，造成13人死亡， 4人受伤。,38.82774664,121.336803
2015-3-7,贵州,贵州黔西南州兴仁县,兴仁县佳文生态农业开发有限公司,11,一辆轻型自卸货车（贵EM7201，载29名民工）在精品水果现代示范园区便道上，因刹车失灵发生侧翻，造成11人死亡，19人受伤。,25.4997838,105.2776303
2012-1-4,贵州,贵州黔南州贵定县，,安徽省黄山市凯鸿旅游客运有限公司,18,一辆客车（皖J06318，核载53人，实载57人）翻到路坎下，造成18人死亡，39人轻伤。,26.43366375,107.2039037
2011-10-4,贵州,贵州黔南州荔波县,安平煤矿,17,水仓掘进工作面发生煤与瓦斯突出事故，造成17人死亡。,25.40131799,107.9302134
2011-12-31,贵州,贵州黔东南州榕江县,个体,10,一辆面包车（贵JD3573，核载8人，实载13人）在距兴华乡乡政府7km处坠下山谷，造成10人死亡，2人重伤。,26.03627139,108.4199167
2012-2-18,贵州,贵州遵义市道真县，,遵义集顺达交通运输集团道真华通运输有限公司,13,一辆客车（贵C86256，核载19人，实载35人）翻到路边坎下，造成13人死亡，22人受伤,28.93415434,107.6168648
2011-7-2,贵州,贵州省黔南州平塘县,牛棚煤矿,23,发生透水事故，当班下井31人，其中8人安全升井，造成23人死亡和失踪。,25.7918489,107.1130875
2013-2-2,贵州,贵州省黔东南州从江县,黔东南州运发汽车运输有限公司,12,一辆中型客车（贵HA2008，核载19人，实载34人）行至四银公路5公里+800米处，翻下右侧80米深山谷内，造成12人死亡，22人受伤。,25.71884394,108.7297333
2012-4-26,贵州,贵州省铜仁市沿河县,新生煤矿,11,发生透水事故，造成11人死亡。,27.67490269,109.168558
2011-5-29,贵州,贵州省贵阳市金阳新区朱昌镇,富宏煤矿,13,7号煤层布置回采工作面的过程中发生透水事故，造成13人死亡。,26.66295832,106.5561862
2013-5-10,贵州,贵州省安顺市平坝县,大山煤矿,12,发生瓦斯爆炸事故，造成12人死亡，2人受伤。事故发生后，该矿未报告事故，经群众举报后查实。,26.40876868,106.2914047
2011-8-14,贵州,贵州省六盘水市盘县,过河口煤矿,10,运输巷掘进工作面违章放炮引发瓦斯爆炸事故，造成10人死亡。,25.77283834,104.6669131
2013-1-18,贵州,贵州省六盘水市盘县,贵州盘江精煤股份有限公司金佳煤矿,13,发生煤与瓦斯突出事故，造成13人死亡， 3人受伤。,25.77283834,104.6669131
2013-3-12,贵州,贵州省六盘水市水城县,贵州玉马能源开发有限公司马场煤矿,25,发生煤与瓦斯突出事故，造成25人死亡。,26.4305469,104.9303569
2014-10-5,贵州,贵州毕节市黔西县 ,永贵能源公司新田煤矿,10,发生煤与瓦斯突出事故，造成10人死亡。,26.90282593,106.7349961
2015-4-4,贵州,贵州毕节市纳雍县,贵州毕节市交通运输有限责任公司,21,一辆农村班线客车（贵F06818，核载19人，实载24人）在毕节市纳雍县老坝乡果几盖至老凹坝街上村通村水泥路）翻坠至51米深河床，造成21人死亡、3人受伤。,26.90282593,106.7349961
2014-11-27,贵州,贵州六盘水市盘县 ,松林煤矿,11,发生瓦斯爆炸事故，造成11人死亡，8人受伤。,25.77283834,104.6669131
2011-3-12,贵州,贵州六盘水市盘县,金银煤业,19,1091残采工作面发生瓦斯爆炸事故，造成19人死亡。,25.77283834,104.6669131
2014-6-11,贵州,贵州六盘水市六枝特区 ,贵州华隆煤业有限公司新华煤矿,10,发生煤与瓦斯突出事故，造成10人死亡。,26.23586507,105.3830337
2012-11-24,贵州,贵州六盘水市， ,盘南煤炭开发有限责任公司响水煤矿,23,"发生煤与瓦斯突出事故,造成23人死亡，5人受伤。",26.59186606,104.8520868
2012-6-16,西藏,西藏自治区林芝地区波密县,林芝地区客运公司,10,一辆依维柯客车（藏GA5120，实载13人），在国道318线通麦大桥至八一方向1.5公里一陡坡处，被前方一辆在坡上滑下的丰田旅游车（藏DL0121）撞入50米悬崖下的帕隆藏布河中，造成车上10人下落不明。,30.12482776,95.55658527
2014-8-18,西藏,西藏林芝地区工布江达县,西藏博达旅游客运公司,16,一辆旅游大巴车（藏AL1612，实载45人）在国道318线加兴村路段坠入尼洋河中，造成16人死亡和下落不明。,30.02521563,93.24209816
2011-12-6,西藏,西藏昌都地区昌都县柴堆乡,西藏昌都蓝天运输有限责任公司,15,一辆客车（藏BA9186，核载30人，实载17人）翻入扎曲河中，造成12人死亡、2人受伤、3人失踪。,31.4484799,97.24405213
2011-3-14,西藏,西藏昌都地区八宿县,林芝地区长客运有限公司,16,"一辆双层卧铺客运车（藏GA3109）发生翻车事故,造成16人死亡，29人受伤。",30.16229775,96.88564146
2014-8-9,西藏,西藏拉萨市尼木县,拉萨忘远汽车租赁公司,44,西藏圣地旅游汽车有限公司一辆旅游大巴车在国道318线4740千米处与对向行驶的拉萨忘远汽车租赁公司一辆越野车相撞，造成44人死亡，11人受伤。,29.60319384,90.09547107
2015-6-10,西藏,西藏山南地区贡嘎县 ,拉萨圣地旅游汽车有限公司,11,一辆大客车（藏AL0240 核载28人，实载19人）在省道307线23千米+300米处坠入山崖，造成11人死亡、8人受伤。,29.21306655,90.94437036
2011-2-4,福建,福建邵武市,南平市邵武汽车运输公司,12,一辆中巴车（闽HY1151，核载19人，实载21人）翻入富屯溪千岭电站水库中，造成12人死亡，9人受伤。,27.23519707,117.4805722
2013-3-22,福建,福建省漳州市,江西省鹰潭市顺驰物流有限公司,12,一辆重型半挂货车（赣L38239，核载31吨，实载34吨），行至夏蓉高速109公里+524米处，先后与前方一辆小客车（闽DUM793）、贵州省遵义市汽车运输（集团）公司一辆卧铺大客车（贵C80937，核载44人实载45人，其中3人为儿童）、一辆大货车（闽E63356）发生碰撞，导致卧铺大客车破裂解体，共造成12人死亡，34人受伤。,24.51706478,117.6762047
2012-6-20,福建,福建省宁德市霞浦县，,厦门舫阳汽车运输有限公司,17,一辆大巴车（闽DY5719，核载45人，实载45人）由江苏省无锡市开往福建省厦门市，行至距沈海高速A道1908公里处高架桥上时，撞破右侧护栏坠落桥下，造成17人死亡，28人受伤。,26.86887653,119.9905511
2012-7-24,福建,福建宁德市寿宁县,个人所有,14,一辆三轮货车（套挂闽J52530车牌，实载22人），从山坑村开往南阳镇途中翻入深沟，造成14人死亡，8人受伤。,27.42622952,119.5055198
2014-8-26,甘肃,甘肃酒泉市瓜州县 ,新疆四平商贸有限公司,15,一辆大客车由新疆米泉驶往宁夏固原，行至G30高速2616公里300米处冲入对向车道，与一辆重型半挂车相撞，造成15人死亡，35人受伤。,40.73428687,95.80471283
2014-3-3,甘肃,甘肃省甘南州合作市,上海青竹连发汽车租赁公司,10,一辆大客车（沪D05700）由云南往甘肃方向行驶，行至213国道256公里200米处发生侧翻，造成10人死亡，35人受伤。,34.99725951,103.0856492
2011-4-20,甘肃,甘肃省张掖市山丹县,中铁二局第一工程有限公司,12,兰新铁路第二双线甘青段小平羌隧道距入口约300米处发生塌方事故，造成12人死亡和失踪。,38.53022137,101.231647
2013-2-1,甘肃,甘肃省庆阳市宁县,河北衡水运输集团有限公司,18,一辆大客车（冀T23171，核载47人，实载54人）行至宁五（宁县－五里墩）县乡公路2公里＋200米一下坡转弯路段时，从29米高的山坡冲下，车辆起火燃烧，造成18人死亡，32人受伤。,35.57136627,108.1141734
2012-9-25,甘肃,甘肃白银市平川区,屈盛煤业有限公司,20,副斜井发生人车跑车事故，造成20人死亡，14人受伤。,36.69035049,104.945609
2012-9-6,甘肃,甘肃张掖市山丹县,宏能煤业公司花草滩煤矿,10,在立井砌碹作业过程中，发生工作盘和拆模盘侧翻事故，造成10人死亡。 ,38.53022137,101.231647
2014-9-6,甘肃,甘肃庆阳市环县,福明园林绿化有限公司,11,一辆自卸式三轮汽车（甘M25656，核载2人，实载14人）参加一绿化工程施工，沿通村公路C011线行驶至一下坡急转弯处，失控侧翻并与道路外侧防撞墙相撞，造成11人死亡，3人受伤。,36.61678864,107.0721722
2011-11-16,甘肃,甘肃庆阳地区正宁县,小博士幼儿园,21,一辆校车（甘MA4975，核载9人，实载64人）在榆林子镇马槽沟村与一辆运煤货车（陕D72231）迎面相撞，造成校车内21人死亡（2名成人、19名儿童），11人重伤，其中1人危重，32人轻伤。,35.41473166,108.3780872
2011-10-29,甘肃,甘肃定西地区临洮县漫洼乡,中铁十九局兰渝铁路项目部,24,兰渝铁路黑山隧道施工工地，一辆江淮牌客货两用车（甘JA1578，核载3人，实载28人）冲下斜井撞到主井边墙后侧翻，造成24人死亡，4人受伤。,35.45475598,104.2597127
2015-4-4,甘肃,甘肃临夏州康乐县，,个人所有,12,一辆无牌三轮货车（核载0.85吨、实载17人）在亥姆寺山附近一条通村公路下坡转弯处失控冲出路面，翻坠30米深的坡下，造成12人死亡、5人受伤。,35.25801827,103.6290201
2011-1-13,湖南,湖南长沙市岳麓区,西娜湾宾馆,10,"发生火灾事故,造成10人死亡，4人受伤。",28.20270663,112.9086994
2014-7-10,湖南,湖南长沙市岳麓区,乐乐旺幼儿园,11,一辆幼儿园校车（湘CG5210）由湘潭市开往长沙市途中，掉入干子村石塘水库，造成11人死亡。,28.20270663,112.9086994
2011-12-17,湖南,湖南郴州市北湖区资兴市,三都镇煤矿六一井,11,发生瓦斯爆炸事故，造成11人死亡。,25.67915838,112.8844756
2014-7-19,湖南,湖南邵阳市隆回县,长沙大承化工有限公司、福建莆田汽车运输股份有限公司,43,一辆运载乙醇的轻型货车（湘A3ZT46，核载1.58吨，实载5吨）在沪昆高速邵怀段1309KM处，追尾一辆大客车（闽DY2508，核载53人）后发生燃烧，致5车烧毁，造成43人死亡。,27.35183079,110.9733261
2011-9-9,湖南,湖南邵阳市邵阳县唐田市镇芙荑河,一艘渡船,12,（湘邵县客0018，个体船只，有客船营运资质，核载14人，实载50人，其中41人为中学生）在芙荑河（资江支流）向荣村地段，因挂断挖沙船锚固钢丝绳，导致渡船侧翻，船上50人全部落水。经搜救，造成12人死亡（其中学生9名）。,26.98497668,111.3323723
2011-10-29,湖南,湖南衡阳市衡山县,霞流冲煤矿,29,-250M水平东翼岩巷掘进工作面放炮诱发煤与瓦斯突出事故，造成29人死亡。,27.28191238,112.71963
2012-2-16,湖南,湖南衡阳市耒阳市，,宏发煤矿,15,发生运输事故，造成15人死亡，3人重伤。,26.42399279,112.9215515
2013-6-2,湖南,湖南省邵阳市邵东县,司马冲煤矿,10,发生瓦斯爆炸事故，造成10人死亡，3人重伤。,27.19365369,111.8567203
2011-6-20,湖南,湖南省衡阳市耒阳市三都镇 ,都兴煤矿,13,掘进工作面发生透水事故，当班下井19人，其中6人安全升井，造成13人死亡。,26.40388805,113.1236974
2012-5-27,湖南,湖南省湘西自治州泸溪县,一艘个人所有客船（湘辰溪客0085，核载30人，实载25人）,11,撞上一艘货船后翻沉，造成11人死亡。,28.16442593,110.0027001
2014-9-22,湖南,湖南省株洲市醴陵市浦口镇,醴陵市浦口南阳出口鞭炮烟花厂,14,超许可范围生产小礼花，改变工库房用途，现场管理混乱，严重超员超量，违规作业，导致发生重大爆炸事故，造成14人死亡，45受伤（其中4人重伤）。,27.77036349,113.6478514
2012-5-19,湖南,湖南省株洲市炎陵县,中铁三局集团第五工程有限公司,20,炎汝高速公路第十三合同段八面山隧道左洞1862米处，一辆农用车（载19名施工人员及240千克炸药）发生爆炸，造成车上19人及周边1人共20人死亡，2人受伤。,26.38271249,113.850536
2012-10-5,湖南,湖南益阳市沅江市琼湖水域,个人所有,12,一艘钢板农用船（载22人）在石矶湖大堤外河与一艘运砂船（湘沅江机0073）相撞后翻沉，造成12人死亡。,28.97718604,112.5649422
2012-2-2,湖南,湖南益阳市沅江市，,湖北省监利三洲水运公司,11,一艘湖北籍运砂船（三洲666，载17人）由岳阳市驶往武汉市，行至洞庭湖小山塘（益阳市与岳阳市水域交界处）锚泊避风时翻沉，船上17人全部落水，其中6人获救，造成10人死亡，1人失踪。,28.97718604,112.5649422
2011-10-16,湖南,湖南湘西州永顺县,湖北荆州市恒信旅游有限公司,11,一辆大客车（鄂D08102，核载55人，实载49人）在超车过程中翻到10多米高的坎下，造成11人死亡，36人受伤。,29.01594122,109.9761241
2012-1-3,湖南,湖南怀化市中方县，,河南周口路路发汽车运输有限公司,13,一辆重型半挂牵引车（豫PY0210，豫PF534挂）与石家庄市鑫源旅游汽车有限公司一辆大客车（冀A61231，核载55人，实载54人）正面相撞，造成13人死亡、41人受伤。,27.52093514,110.1653625
2013-4-14,湖北,湖北省襄阳市樊城区 ,一景城市花园酒店,14,2楼迅驰星空网络会所发生火灾，并迅速蔓延至酒店客房，造成14人死亡，47人受伤（其中24人重伤）。,32.15395334,111.9285276
2013-3-12,湖北,湖北省荆州市,恩施州交运集团鹤峰县益通汽运有限公司,14,一辆卧铺客车（鄂Q69888，核载36人，实载22人）在二广高速1765公里＋200米处经过荆州长江大桥时，为避让一辆逆向行驶的两轮摩托车（鄂E2J440），坠入桥下15米深的江滩，造成14人死亡，8人受伤。,30.33259052,112.2418658
2013-2-19,湖北,湖北省恩施州建始县,恩施州交运集团昌瑞客运公司,10,一辆中巴车（鄂Q01466，核载19人，实载19人）行至红二线66.7公里处时，发生翻车事故，造成10人死亡，9人受伤。,30.57857599,109.9395992
2011-7-4,湖北,湖北省仙桃市,武汉海龙旅游客运有限责任公司、襄樊青林顺达物流有限公司,26,一辆客车（鄂AE3892，核载55人，实载52人，从广州到天门）在随岳高速公路229km+300m处应急车道内违章停车下客，一辆半挂货车（鄂F1N210，鄂FEA30挂）在未采取任何刹车措施的情况下，撞到客车尾部并起火，造成26人死亡，29人受伤。,30.293966,113.3874482
2011-7-12,湖北,湖北武汉市经济技术开发区,武汉东神轿车有限公司,15,一出租仓库发生火灾事故，过火面积3450平方米，造成15人死亡。,30.58108413,114.3162001
2011-1-17,湖北,湖北武汉市硚口区,武胜路康宏实业公司服装厂,14,发生火灾，造成14人死亡、4人受伤。,30.58108413,114.3162001
2012-9-13,湖北,湖北武汉市东湖风景区,湖北祥和建设有限公司（总承包一级）,19,东湖景园住宅楼C区7-1号楼施工工地，发生施工升降机坠落事故，造成19人死亡。,30.575499,114.3796201
2011-2-7,湖北,湖北恩施州利川市,一辆正三轮农用摩托车,10,在寒坡岭处时发生侧翻，造成10人当场死亡、9人受伤。,30.23996702,108.8270998
2011-10-1,湖北,湖北宜昌市兴山县,荆州市九州旅游汽车有限公司,16,一辆旅游客车（鄂D14566，核载35人，实载35人），冲开波形防护栏坠入三峡库区中，造成16人死亡、19人受伤（其中3人重伤）。,31.31934954,110.8244057
2011-11-29,海南,海南五指山市,海汽运输集团有限公司定安分公司,13,一辆中型客车（琼C32691，核载15人，实载23人）与一辆大货车（桂J08588）正面相撞，造成13人死亡，2人重伤，9人轻伤。,18.83130575,109.5177501
2014-10-29,浙江,浙江舟山市嵊泗县,浙嵊渔05885,13,从渔场回港途中，在北纬30度49分，东经123度57分（长江口灯船以东80海里）处，被一艘香港籍货轮撞沉，造成13人下落不明。,30.70500393,122.4816865
2015-1-19,浙江,浙江舟山市岱山县,个人所有,13,一艘渔船（浙岱渔06427）在东经124度46分，北纬30度17分失去联系，造成13人死亡和下落不明。,30.31941559,122.2603591
2011-7-23,浙江,浙江省温州市,责任单位待定,40,北京南至福州的D301次列车在甬温线鹿城区双屿路段，追尾由杭州开往福州的D3115次列车，造成40人死亡，192人受伤（其中12人危重）。,28.00283759,120.6906347
2014-1-14,浙江,浙江省台州市温岭市城北街道杨家渭村,台州大东鞋业有限公司,16,违法搭建的临时厂棚内电线短路导致火灾事故，造成16人死亡，5人受伤。过火面积1080平米。,28.44057222,121.3940537
2012-8-5,浙江,浙江温州市瓯海区,个人所有,13,一铝锁抛光加工作坊发生粉尘爆炸事故，造成加工作坊及周边群众共13人死亡，14人受伤。,27.97217719,120.5584036
2011-3-6,浙江,浙江台州市温岭市,个体,11,在东经122度14分、北纬28度10分处失去联系，11人下落不明。,28.40055382,121.421046
2015-4-28,浙江,浙江台州市三门县,鑫达渔业服务公司,15,一艘渔船（浙三渔00046，实载15人）在江苏吕泗渔场海域失联，15人下落不明。,29.01774425,121.4882288
2011-2-28,浙江,浙江台州市,台州市路桥海顺渔业服务公司,11,一艘渔船（浙路渔2403）在东矶岛附近水域触礁沉没，11名船员落水失踪。,28.66828329,121.4406129
2011-1-11,河南,河南许昌市襄城县,河南省平顶山市汽车运输有限公司,16,一辆宇通牌大客车（豫D34401，核载35人，实载43人）在许平南高速公路追尾碰撞一辆小客车后翻下路基，造成16人死亡、23人受伤。,33.86190519,113.5689829
2012-4-23,河南,河南省漯河市舞阳县,漯河市锦程运输有限公司 ,13,一辆货车（豫LA8979，核载20吨，实载30吨）在S220省道132公里+500米处，驶入对向车道，与漯河市宏运汽车运输集团有限公司一辆客车（豫L52929，核载19人，实载23人）相撞，造成13人死亡，12人受伤（其中4人重伤）。,33.54930145,113.6800553
2014-3-21,河南,河南省平顶山市汝州市,平煤神马集团长虹矿业公司,13,发生煤与瓦斯突出事故，造成13人死亡。,34.16277755,112.8127175
2011-7-22,河南,河南省信阳市,山东省威海市交通运输集团、淄博佳泽化工有限责任公司,41,"一辆卧铺大客车（鲁K08596,核载35人，实载47人），由威海开往长沙，行至京港澳高速公路明港段938公里处，车辆后部起火，造成41人死亡。",32.12858231,114.085491
2013-2-1,河南,河南省三门峡市,河北省石家庄市开发区凯达运输有限公司,13,一辆运输烟花爆竹的货车（冀A70380，核载5.925吨，实载约10吨）行至连霍高速741公里+900米处义昌大桥时，发生爆炸并导致桥面坍塌，多辆途经此处的车辆坠落，造成13人死亡，11人受伤。,34.78331994,111.1812621
2011-10-27,河南,河南焦作市,焦煤集团九里山矿,18,16采区16031上风道掘进工作面发生煤与瓦斯突出事故，造成18人死亡。,35.23460755,113.2118359
2011-1-19,河南,河南漯河市郾城区,豫田花炮厂,10,发生烟花爆竹爆炸事故，造成10人死亡、21人受伤（其中6人重伤）。,33.67070381,113.9413618
2014-12-15,河南,河南新乡市长垣县,皇冠KTV,12,发生火灾，造成12人死亡，24人受伤。,35.21812761,114.7669033
2015-5-25,河南,河南平顶山市鲁山县,康乐园老年公寓（民营）,38,发生火灾事故，造成38人死亡、6人受伤。,33.74869739,112.7403093
2015-3-2,河南,河南安阳市林州市,个人所有,20,一辆非营运大客车（豫AL9139，核载35人，实载33人），行至五龙镇小虎山盘山公路（省道S226线45KM+800M）处，坠下陡坡，造成20人死亡、12人受伤。,36.01656103,113.8610835
2012-12-9,河南,河南商丘市民权县,商丘市交通运输集团有限公司第七分公司,12,一辆大型客车（豫NA3768，核载30人，实载34人），行至310国道442公里+170米处，与一辆突然转弯的二轮电动车（载1人）相撞后，侧翻掉入路边池塘，造成12人死亡，23人受伤。,34.69611652,115.1784141
2011-10-7,河南,河南南阳市社旗县,个体,11,一辆重型半挂货车（豫QA8629）与一辆长安之星面包车（豫R6Q265，核载7人、实载11人）相撞，造成11人死亡。,32.98243138,112.9985272
2013-8-12,河南,河南信阳市光山县,河南周口市金豫汽车运输有限公司（货车）,11,一辆大货车（豫PP6696）在312国道768公里260米处，与一辆中巴客车（豫SA0905）相撞，造成11人死亡，12人受伤。,31.94143172,114.8431619
2011-11-3,河南,河南义马市,义马煤业集团公司千秋煤矿,10,21221下巷发生冲击地压事故，造成10人死亡，64人受伤，其中3人重伤。,34.7495248,111.9060927
2012-8-31,河南,河南三门峡市陕县,灵宝市宝通汽车客运有限责任公司,11,一辆营运客车（豫M15260，核载29人，实载27人），在连霍高速784公里处，发生翻车事故，造成11人死亡，14人受伤，其中1人重伤。,34.64363329,111.3760646
2012-2-28,河北,河北石家庄市赵县，,克尔化工有限责任公司,29,硝酸胍车间发生爆炸，造成25人死亡，4人失踪，46人受伤。,37.76961245,114.8349382
2013-2-28,河北,河北省张家口市怀来县,冀中能源张矿集团艾家沟煤矿,13,井下发生火灾事故，造成12人死亡，1人下落不明。,40.34798364,115.6340606
2014-3-7,河北,河北省唐山市古冶区,开滦（集团）化工有限公司,13,乳化炸药生产工房装药工段发生爆炸，造成13人死亡。,39.72304478,118.4622315
2015-1-23,河北,河北沧州市任丘市,个人所有,10,一艘渔船（冀任渔00791）在北纬32度55分、东经124度25分附近海域被一艘不明船舶撞沉，造成10人下落不明（船上13人全部落水，其中3人被救起）。,38.74110464,116.1632141
2011-8-28,河北,河北张家口市尚义县,一辆依维柯客车,18,"（套牌车，原牌照为冀G03865,17座，载34人）从尚义县城驶往大青沟镇，行至401县道三义店村北路段处，与一辆停在路侧的重型半挂车（冀GN281）发生追尾事故，造成18人死亡，16人受伤（其中2人重伤）。",41.13263499,114.1525283
2012-12-24,江西,江西鹰潭市贵溪市,贵溪市滨江镇春蕾幼儿园,11,一辆长安面包车（赣LP2689，核载7人，实载17人）在滨江镇洪塘村委会合盘石童家村小组侧翻入水塘中，造成11人死亡，6人受伤。,28.19060446,117.1978704
2012-9-2,江西,江西萍乡市,江西煤业集团高坑煤矿,15,408采区3476工作面发生瓦斯爆炸事故，造成15人死亡，11人受伤。,27.63954422,113.859917
2013-7-23,江西,江西抚州市南丰县,江西南丰县桔圣汽车贸易物流配送有限公司,16,一辆大货车（赣F43073，载27人及水果）发生侧翻，造成16人死亡，10人受伤。,27.11489616,116.5003615
2013-9-30,江西,江西宜春市丰城市,江西煤业集团丰城曲江煤炭开发有限责任公司,11,603东顺槽运输巷发生煤与瓦斯突出事故，造成11人死亡。,28.11151588,115.8234035
2011-8-6,江西,江西上饶市信州区 ,河南省周口市通顺汽车运输有限公司,17,一辆重型半挂车（豫PE8977，豫P5171挂）行至沪昆高速503km处时，与一辆重型半挂货车、一辆小型普通客车（浙CYB192，核载9人，实载13人）和一辆重型特殊结构货车连续发生碰撞，造成17人死亡。,28.49722348,118.0505782
2015-1-15,江苏,江苏苏州市张家港市,安徽蚌埠神舟机械有限公司,22,一艘拖轮（皖神舟67，为新加坡制造的）试航时，在长江福北水道#FB14黑浮北侧附近水域翻沉，造成22人死亡（其中外国籍8人）。,31.90781234,120.6272785
2012-4-22,江苏,江苏省苏州市常熟市,上海南汇益流汽车出租服务有限公司,14,一辆大客车（沪BL1290，核载39人，实载33人），冲过中央隔离护栏驶入对向车道，与常熟实盈光学科技有限公司一辆大货车（苏ED1655）相撞，造成14人死亡，20人受伤。,31.66944605,120.831486
2013-6-11,江苏,江苏省苏州市,苏州燃气集团液化气经销分公司,12,横山储罐场职工食堂厨房因液化气泄漏引发爆炸事故，造成12人死亡，8人受伤。,31.31798737,120.6199071
2014-8-2,江苏,江苏省昆山市开发区,中荣金属制品有限公司,75,汽车轮毂拋光车间发生爆炸，造成75人死亡，185人受伤。,31.3289368,120.9658078
2011-6-19,江苏,江苏省无锡市惠山区,钱桥镇街道社区居委会老办公楼,11,在装修改造过程中发生整体垮塌事故，造成11人死亡、5人受伤。,31.65637633,120.2152945
2011-12-12,江苏,江苏徐州市丰县,首羡镇中心小学,15,一辆校车（苏CR1836，核载52人，实载47人）发生翻车事故，造成15人死亡，8人受伤。,34.69577333,116.6157332
2011-12-1,江苏,江苏南通市海安县,个体,11,一艘渔船（苏海安渔00202，载11人）在东经122°13′，北纬32°58′处海域倾覆，造成船上11名船员失踪。,32.55398507,120.4739269
2011-11-21,江苏,江苏南通市启东市,个体,10,一艘渔船（苏启渔02559号，载10人）行至吕四港外海时，与一艘货船（浙嵊97316）相撞后沉没，船上10人失踪。,31.87130184,121.6788223
2011-10-5,江苏,江苏南京市,南京钢铁股份有限公司炼铁厂,12,发生铁水外溢事故，造成12人死亡、1人受伤。,32.0572355,118.7780744
2013-6-18,新疆,新疆维吾尔自治区昌吉州昌吉市,新疆安吉达国际旅客运输有限公司,15,一辆大巴车（新A89385，核载36人，实载36人）行至距庙尔沟乡政府10公里处，侧翻坠入32米深沟，造成15人死亡，21人受伤。,44.17508345,87.07361805
2014-7-5,新疆,新疆生产建设兵团第六师,大黄山豫新煤业有限责任公司,17,一号井发生瓦斯爆炸事故，造成17人死亡。,43.8086745,87.61952071
2013-12-13,新疆,新疆昌吉州呼图壁县,白杨沟煤炭有限责任公司煤矿,22,发生瓦斯煤尘爆炸事故，造成22人死亡。,44.38095572,86.69316611
2015-2-24,新疆,新疆喀什地区巴楚县， ,新疆五运旅客运输有限公司,22,一辆大客车（新N32698，核载53人，实载60人），在G3012线1071KM+150M处，失控冲出中央隔离护栏驶入对向车道后翻车，造成22人死亡，38人受伤（其中4人重伤）。,39.6181075,78.907139
2011-3-11,新疆,新疆喀什地区叶城县,西藏阿里藏羚羊旅运有限公司,16,一辆大客车（藏FA2130）在国道219线226km+215m处，坠入126米深山谷中，造成16人死亡、26人受伤。,36.99301396,77.22363092
2011-10-23,新疆,新疆和田地区墨玉县,策勒县运输有限公司,12,一辆.中巴车（新R04882，核载30人，实载21人)与一辆三轮摩托车（无号牌，实载14人）相撞，造成三轮摩托车上12人死亡，2人受伤。,38.38422415,80.04714811
2012-11-10,新疆,新疆农七师128团,"1.新疆天正旅游客运有限责任公司
2.新疆生产建设兵团奎屯旅客运输公司",11,新疆天正旅游客运有限责任公司一辆大客车（新D07608，核载35人，实载47人）在前高公路4公里十字路口处，与新疆生产建设兵团奎屯旅客运输公司一辆中巴车（新D05580，核载14人，实载14人）相撞，造成11人死亡，39人受伤。,45.03088911,84.61555888
2011-4-2,新疆,新疆乌鲁木齐市艾维尔沟矿区,新疆焦煤集团有限责任公司2130煤矿,10,主斜井延伸掘进工作面发生煤与瓦斯突出事故，造成10人死亡。,43.84038035,87.56498774
2014-10-24,新疆,新疆乌鲁木齐市米东区 ,新疆东方金盛工贸有限责任公司,16,米泉沙沟煤矿采空区大面积冒顶，导致有毒有害气体溢出，造成16人死亡，11人受伤。,44.07055417,87.69118646
2012-3-11,广西,广西贵港市桂平市，,个体,20,一艘渡船（石咀客渡035，核载30人，实载50人）从桂平驶往南木镇大黎村，行至羊栏滩白沙洲尾水域时，与一艘贵港籍货船（锐丰329）发生碰撞，导致渡船沉没，其中30人获救，造成20人死亡。,23.33328062,110.0871189
2012-12-28,广西,广西河池市大化县， ,个人所有,11,一辆小型客车（桂M95899，核载9人，实载20人）在县道X898线68公里处翻下山谷，造成11人死亡，9人受伤。,23.9707447,107.7119593
2013-11-1,广西,广西梧州市,三堡炮竹厂,12,发生爆炸事故，造成12人死亡，16人受伤（其中9人重伤）。,23.48539464,111.305472
2011-7-2,广西,广西来宾市,合山煤业公司八矿樟村井,20,因突降暴雨，导致地表大面积塌陷，引发泥浆溃入老空区并进入作业场所，造成20人死亡和失踪。,23.74116593,109.2318165
2014-5-3,广东,广东茂名市高州市,深镇镇良坑口村村委会,11,一在建石拱桥发生坍塌，造成11人死亡。,22.03552165,110.9756054
2014-3-26,广东,广东省揭阳市普宁市军埠镇莲坛村,一家非法从事内衣生产的家庭作坊,12,发生火灾，造成12人死亡，5人受伤。无工商执照，属无证经营。,23.26385991,116.2719712
2011-6-4,广东,广东省惠州市，,粤MK1259小轿车和宁 C25268重型半挂车,11,一辆小轿车（粤MK1259）在长深高速惠河段3580km处，因爆胎失控碰撞中间护栏，被宁夏一辆大型牵引车（宁C25268／宁A9537挂）追尾相撞，牵引车冲过中间隔离带，与对向驶来的广州一辆大客车（粤AG1932，核载51人，实载30人）相撞，造成11人死亡、21人受伤（其中4人重伤）。,23.11353985,114.4106581
2012-6-29,广东,广东省广州市萝岗区,一辆个体经营货车（湘L66215）,20,在沿江高速开创大道与广园快速交汇处，与一辆油罐车（湘D83393)追尾，造成油罐车漏油，引燃高速路下货柜堆场及周边建筑，过火面积约2000平方米，造成20人死亡，27人受伤。,23.2562723,113.5225736
2011-6-17,广东,广东省广州市番禺市石楼镇,广州市港安船舶清污有限公司,11,对泊靠在海鸥岛沙南村浮莲岗水道码头的“南大油22”油船（核载1000吨，载重油）进行清污作业时发生爆炸事故，造成8人死亡、3人下落不明，1人受伤。,22.97467043,113.4941694
2014-5-5,广东,广东珠海市珠江口水域,"一艘马绍尔籍集装箱船（MLOMOTIVATOR)
一艘河北冀货船中兴2",11,在北纬22度8分、东经114度13分，与一艘河北籍货船中兴2（河北黄骅港中兴海运有限公司，载12人）发生碰撞，造成11人死亡和下落不明。,22.23136431,113.5982138
2012-8-27,广东,广东清远市英德市旺埠镇,英德龙山水泥有限责任公司,10,英德市民用爆破物品专营有限公司配送民用爆炸物品至英德龙山水泥有限责任公司龙尾山矿，在卸货装药过程中发生爆炸，造成10人死亡，20人受伤。,24.22568039,113.323169
2013-12-11,广东,广东深圳市光明新区,深圳市荣健农副产品贸易有限公司,16,发生火灾事故，造成16人死亡，5人受伤。,22.78669406,113.8987269
2014-12-13,广东,广东河源市 ,河南漯河万通运输有限公司,12,一辆半挂货车（豫LG7218/豫LC968挂）在粤赣高速公路30公里300米处，追尾碰撞前方因交通事故紧急刹车的2辆小客车及3辆大货车，并引发车辆起火燃烧，共造成12人死亡，3人受伤。,23.75725085,114.7137215
2012-2-2,广东,广东汕尾市，,个体,10,一艘渔船（粤阳西96196，载14人）在汕尾海域船体向左侧斜并翻沉，船上14名船员全部落水，其中4人获救，造成3人死亡，7人失踪。,22.7787305,115.3729243
2015-2-4,广东,广东梅州市兴宁市 ,个人所有,11,一辆面包车（粤PN0435，核载11人，实载13人）从河源市龙川县开往梅州兴宁市，行至兴宁市叶塘镇002县道一下坡转弯处时，车辆冲下路旁土坑，造成11人死亡，2人受伤。,24.26731124,115.7532997
2014-12-31,广东,广东佛山市顺德区 ,富华工程机械制造有限公司,18,装配车间发生天拿水爆炸事故，造成18人死亡，32人受伤。,22.84851008,113.1870299
2011-8-23,广东,广东佛山市三水区 ,盛丰陶瓷有限公司,15,办公楼发生火灾事故，造成15人死亡，1人重伤。,23.29458085,112.9046772
2012-4-13,山西,山西省长治市襄垣县,善福联营煤矿,11,发生透水事故，造成11人死亡。,36.58020079,112.9889735
2014-3-1,山西,"山西省晋城市,晋济高速岩后隧道",福安达物流有限公司,40,一辆装载甲醇重型半挂车（晋E23504）与另一辆装载甲醇的河南省孟州市汽车运输有限责任公司的重型半挂车（豫HC2923）追尾相撞，导致前车甲醇泄漏起火燃烧，并波及隧道内另2辆危险化学品运输车和多辆煤炭运输车被引燃引爆，造成31人死亡，9人下落不明。,35.383329,112.8266505
2011-9-16,山西,山西朔州市山阴县,中煤集团金海洋公司元宝湾煤矿,11,6103综掘工作面掘透老空区，发生透水事故，当班下井84人，其中73人安全升井，造成11人死亡。,39.52104967,112.7868049
2012-2-25,山西,山西晋城市，,河南省三门峡市汽车运输有限责任公司旅游分公司,15,一辆金龙大客车（豫M08666，核载35人，实载34人），由河南省三门峡市义马市前往山西省晋城市泽州县山河镇道宝河村登上，行至国道207线1319公里+950米处，坠入约45米深的悬崖，造成15人死亡，19人受伤。,35.49983447,112.8673328
2012-11-23,山西,山西晋中市寿阳县,喜羊羊火锅店,14,发生液化石油气泄漏爆炸事故，并引发大火，造成14人死亡，47人受伤。,37.82511891,113.1416109
2011-3-29,山西,山西晋中市,项目单位：山西安泰集团股份有限公司施工单位：北京法耳迈特科技有限公司,10,在电业分公司安泰发电厂9号锅炉设备进行水冷壁节能改造过程中发生CO中毒事故，造成10人死亡，7人受伤 。,37.69336153,112.7385144
2015-4-19,山西,山西大同市南郊区,大同煤矿集团地煤公司姜家湾煤矿,21,发生透水事故，造成21人死亡。,40.05189139,113.2264566
2013-9-28,山西,山西吕梁地区汾阳市,山西焦煤集团汾西矿业公司正升煤业公司,10,东翼回风巷发生透水事故，造成10人死亡。,37.31676431,111.7459959
2011-3-16,山西,山西临汾市尧都区,山西汽运集团临汾汽运有限公司,12,（陕K79136，陕KM662挂）和临汾运输公司一辆宇通牌大客车（晋L36267）相撞，造成12人死亡，16人受伤。,36.12593691,111.4746649
2013-11-25,山东,山东青岛市附近海域,天津紫海航运有限公司,14,紫海顺号货轮在石岛东南约18海里海域遇风沉没，造成14人下落不明。,36.1052149,120.3844282
2013-8-10,山东,山东青岛市朝连岛附近,山东青岛市城阳区所属,11,一艘渔船在距朝连岛约14海里处颠覆，造成11人死亡和下落不明。,35.8997686,120.8867978
2013-11-22,山东,山东青岛市,中国石油化工股份有限公司管道储运分公司,62,东黄输油管道发生泄漏爆炸事故，造成62人死亡，136人受伤。,36.1052149,120.3844282
2013-3-18,山东,山东省龙口港正北约40海里处,天津光阳海运有限公司,14,一艘货轮“光阳新港”轮发生颠覆，造成12人死亡，2人下落不明。,37.61040128,120.5227995
2012-5-19,山东,山东省潍坊市潍城区,一辆个人所有“长安”牌客车（鲁GKA068，核载8人，实载12人）,10,在宝通街拥军路路口西侧500米处，与一辆无牌重型自卸货车追尾，造成10人死亡，2人受伤。,36.70198216,119.0343055
2013-5-23,山东,山东省济南市章丘市,埠东粘土矿,10,盗采已关闭的原埠村镇一号煤矿煤炭时发生透水事故，造成9人死亡，1人下落不明。该事故经群众举报后查实。,36.74488303,117.4793454
2013-5-20,山东,山东省济南市章丘市,中国保利集团公司（中央企业）保利民爆济南科技有限公司,33,乳化震源药柱地面站发生爆炸事故，造成33人死亡，19人受伤。,36.74488303,117.4793454
2011-7-6,山东,山东省枣庄市薛城区,安泰煤业集团防备煤矿,28,225水平空气压缩机着火，引燃木支护材料及部分煤炭，造成28人死亡和失踪。,34.7963305,117.3585071
2013-11-24,山东,山东烟台市附近海域,浙江兴龙舟海运集团有限公司,12,兴龙舟65号散装船在长山水道东南部水域遇风沉没，造成12人死亡和下落不明。,37.53656156,121.309555
2014-11-19,山东,山东烟台市蓬莱市  ,烟台金进建材有限公司、潮水镇潮水四村幼儿园,12,一辆重型载货汽车（鲁FN7610，核载12.85吨，实载24.28吨）沿烟台蓬莱机场路由南向北行驶至潮水镇刘家庄村路口处，与一辆微型面包车（鲁Y9P118，载15人、1名司机和14名幼儿园学生）相撞，造成12人死亡，3人受伤。,37.66116041,120.8626943
2015-1-16,山东,山东烟台市莱州市,河北沧州临港广通运输有限公司,12,一辆油罐车（冀JR2887）与一辆面包车（鲁YMA331）、一辆大众商务车（车牌不详）和烟台交运集团一辆大客车（鲁F28955，核载47人、实载14人）相撞起火，造成12人死亡，3人受伤。,37.19040137,120.0013435
2011-7-10,山东,山东潍坊市昌邑县,正东矿业有限公司（铁矿）,23,主井西南侧采空区顶部（露天坑底部）垮塌，大量积水和泥沙涌入井下，造成23人死亡和失踪。,36.83423425,119.4499175
2014-11-16,山东,山东潍坊市寿光市化龙镇,龙源食品有限公司,18,车间发生火灾，造成18人死亡，13人受伤。,36.95218069,118.5978553
2013-10-8,山东,山东滨州市博兴县,诚力供气有限公司,10,焦化装置生产过程中发生煤气柜爆炸事故，造成10人死亡，33人受伤。事故发生后，企业仅上报4人死亡，后经群众举报后查实。,37.19135385,118.2257153
2012-10-7,山东,山东淄博市临淄区 ,济南市商河县长途汽车运输公司,14,一辆大客车（鲁A96925，核载39人，实载28人）在青银高速公路228公里处，与一辆小轿车（鲁GJ011B）刮擦后冲入对向车道与一辆大客车（鲁A18526，核载53人，实载53人）碰撞，造成14人死亡，44人受伤。,36.85424402,118.300697
2011-11-19,山东,山东泰安市新泰市楼德镇,山东新泰联合化工有限公司,15,三聚氰胺生产装置检修过程中发生爆燃事故，造成15人死亡，4人受伤。,35.86918661,117.3275939
2011-1-3,山东,山东日照市,个体,10,在江苏省射阳以东190海里处作业时被一艘不明货轮撞沉，造成10人下落不明。,35.42022519,119.5071799
2012-3-15,山东,山东临沂市苍山县鲁城镇,济钢集团石门铁矿有限公司,13,副井罐笼钢丝绳断裂，罐笼坠落270米深的井底，造成罐笼内的13人全部死亡。,34.88163205,117.771861
2015-5-9,山东,山东临沂市兰陵县,兰陵顺天运输有限公司,10,在护坡墙施工过程中，发生倒塌事故，造成10人死亡、3人受伤。,34.73960177,117.8544295
2012-8-16,安徽,安徽马鞍山市,马鞍山市马和汽车轮渡有限公司,15,一艘渡船（马和渡104号），由马鞍山开往和县，行至长江马和汽渡河段时沉没，造成12人死亡，3人下落不明。,31.68852816,118.5158818
2015-6-26,安徽,安徽芜湖市 ,马鞍山市天马旅游客运有限公司,12,一辆大型普通客车（皖E02457，核载35人，实载36人，含2名儿童）在芜马高速上行线69千米+270米处，与一辆货车（赣BC4035）相撞，造成12人死亡、25人受伤。,31.36601979,118.3841084
2012-4-12,安徽,安徽省宿州市萧县,一辆个体经营少林牌客车（皖L60670，核载29人，实载24人）,24,与对向一辆个体经营货车（豫N60023，实载2人，核载14.99吨）相撞，造成24人死亡，2人受伤。,34.20852964,116.8124218
2014-8-19,安徽,安徽淮南市谢家集区,东方煤矿,27,发生瓦斯爆炸事故，造成27人死亡。,32.54440018,116.9087721
2013-8-26,安徽,安徽宿州市砀山县，,"安徽宿州市通达运输有限公司砀山分公司（货车）
中巴车（私人所有）",10,一辆中巴车（苏CP8660）在310国道305公里路段与一辆货车（皖L58126）相撞，造成10人死亡，5人受伤。,34.45405724,116.4202823
2013-8-9,安徽,安徽合肥市,上海瑞锦旅游客运有限公司（客车）,10,一辆大客车（沪B67525）在合淮阜高速吴山道口北与一辆大货车（皖S55940）相撞，造成10人死亡，31人受伤。,31.86694226,117.2826991
2013-9-24,安徽,安徽亳州市利辛县,"安徽亳州市利辛县齐力物流有限公司（货车）
安徽阜阳市长运汽车租贷服务有限公司（客车）",10,一辆重型半挂牵引车（皖S73712）在延陵大道与富强北路交叉口，与一辆大客车（皖KG5551）相撞，造成10人死亡，28人受伤。,33.15737576,116.1662718
2012-9-15,宁夏,宁夏固原市隆德县,甘肃省平凉市昌晖运业有限公司,11,一辆大型客车（甘L08859，核载41人，实载17人），由兰州驶往平凉，行至312国道1865公里处，与甘肃省平凉市昌晖运业有限公司一辆车牌为甘L29940的大货车刮撞后侧翻，坠入100多米深的山沟，造成11人死亡，6人受伤。,35.58913772,106.0736113
2011-1-29,宁夏,宁夏固原市西吉县,固原市西吉县祥龙农村客运有限责任公司,11,"（宁D06895,核载19人,实载37人）发生侧翻事故,造成11人死亡，26人受伤（其中9人重伤）。",35.93993438,105.7267486
2012-4-30,宁夏,宁夏回族自治区吴忠市,同心县城乡建筑工程公司,18,一辆依维柯中型客车（宁C25628，核载17人，实载23人），越过道路中心黄线驶入对向车道，与一辆东风牌大型货车（宁E25889，核载17.9吨，实载17吨，载2人）正面相撞，造成18人死亡，6人受伤（其中3人重伤）。,37.993561,106.2082542
2015-5-2,天津,天津滨海新区,个人所有,10,一辆面包车（津RJ5133，核载7人，实载12人）在津岐公路48千米+900米处，与一辆重型自卸货车（冀JB1171，空车，载1人）相撞，造成10人死亡、3人受伤。,39.05917664,117.6462863
2012-6-30,天津,天津市蓟县,天津蓟县莱德商厦,10,发生火灾，造成10人死亡、16人轻伤。,40.00961366,117.4411592
2011-10-7,天津,天津市宁河县,唐山交通运输集团有限公司通达客运分公司,35,一辆大客车（冀B99998，核载55人、实载55人）与一辆小轿车追尾相撞后，侧翻到路边护栏上并滑行100余米，造成35人死亡，19人受伤（其中10人危重）。,39.381561,117.689424
2012-3-13,四川,四川阿坝州马尔康县，,四川九寨运业公司,15,一辆客车（川U20777，核载37人，实载21人）从成都驶往马尔康县，行至国道317线295公里+138米（梭磨乡）处，冲出路面坠入道路外侧山沟，造成15人死亡，6人受伤。,32.01930373,102.0233049
2013-9-15,四川,四川达州市渠县,"四川达运集团渠县通林分公司（客车）
四川达州市亚通运业有限公司（货车）",21,"一辆客车（川S31500，核载24人，实载27人）行至渠县167县道一T型路口时，与一辆货车（川S37789）相撞，造成21人死亡，7人受伤。		
",30.94881416,106.9876018
2011-8-29,四川,四川达州市大竹县 ,曾家沟煤矿,12,采煤工作面发生透水事故，造成12人死亡。,30.69077238,107.2798774
2013-5-11,四川,四川省泸州市泸县,桃子沟煤业有限公司,28,发生瓦斯爆炸事故，造成28人死亡，18人受伤。,29.12491997,105.5082673
2013-2-1,四川,四川省泸州市古蔺县,四川泸州市古蔺县畅通运输有限公司,11,一辆大客车（川E44303，核载30人，实载30人）行至省道309线29公里＋100米一上坡转弯路段时，侧翻至公路右侧82米的山崖下，造成11人死亡，18人受伤。,27.98331945,105.9362933
2014-3-6,四川,四川省南充市仪陇县 ,南充汽车运输（集团）有限公司仪陇分公司,11,一辆客运车（川R41518，核载16人，实载12人）行至杨桥镇五一桥时，撞断桥上护栏坠入湖中，造成11人死亡，1人受伤。,31.44359322,106.5347249
2011-11-23,四川,四川甘孜州雅江县恶古乡,个体,17,一辆农用车（无牌照，核载3人，实载19人）翻坠至距路面110米高的雅砻江岸边，造成17人死亡，2人受伤（其中1人重伤）。,29.61546083,101.0637762
2012-8-29,四川,四川攀枝花市西区,金正工贸公司肖家湾煤矿,48,发生瓦斯爆炸事故，造成48人死亡。,26.58757126,101.7224232
2012-8-26,四川,四川广安市岳池县,"1.长安面包车（个人所有）
2.大货车（四川达县捷顺物流有限公司）",12,一辆长安面包车（临时川A68225，核载7人、实载12人）从成都驶往重庆，在沪蓉高速1714公里+400米处，与停靠在应急车道内维修的四川达县捷顺物流有限公司一辆大货车（川S39789，核载13.93吨，实载17吨）追尾相撞，造成面包车上12人死亡。,30.54076863,106.420833
2012-2-3,四川,四川宜宾市筠连县，,钓鱼台煤矿,14,发生瓦斯爆炸事故，造成13人死亡，1人失踪，12人受伤。,28.04209888,104.5884334
2013-6-3,吉林,吉林省长春市德惠市,吉林宝源丰禽业有限公司,121,发生火灾，造成121人死亡，76人受伤。,44.51050715,125.7690444
2013-4-1,吉林,吉林省白山市 ,吉煤集团通化矿业集团公司八宝煤业公司,17,发生瓦斯爆炸事故，造成17人死亡和下落不明，8人受伤。,41.9458594,126.4357977
2013-3-29,吉林,吉林省白山市,吉煤集团通化矿业集团公司八宝煤业公司,36,发生瓦斯爆炸事故，造成36人死亡，12人受伤。,41.9458594,126.4357977
2013-1-14,吉林,吉林省桦甸市 ,吉林老金厂金矿股份有限公司,10,井下发生火灾事故，造成10人死亡，28人受伤，另有1人在救援中受伤。,43.0566311,127.0413924
2013-4-20,吉林,吉林省延边州和龙市 ,庆兴煤业公司,18,发生瓦斯爆炸事故，造成18人死亡，12人受伤。,42.46644229,128.9112108
2014-3-5,吉林,吉林省吉林市迎宾大路,"1.吉林市平安客运有限责任公司
2.吉林市富康木业公司",10,租用的一辆通勤车（吉BA2057）起火燃烧，造成10人死亡，19人受伤。,43.88183399,126.4641246
2012-4-6,吉林,吉林省吉林市蛟河市,丰兴煤矿,12,发生透水事故，造成12人死亡。,43.71675608,127.3517419
2011-3-24,吉林,吉林白山市浑江区,通沟煤矿,13,+430米水平掘进工作面发生瓦斯爆炸事故，造成13人死亡，6人受伤。,41.79164223,126.3966429
2012-8-13,吉林,吉林白山市江源县,吉盛煤矿,20,+290米水平东石门三层掘进上山发生瓦斯事故，造成20人死亡。,42.07895859,126.8253017
2011-3-12,吉林,吉林白山市抚松县,吉林省桦甸市吉达运输有限责任公司,21,在鹤大线889公里+200米一长下坡处，追尾松江河通达客运有限公司一辆大客车（吉F42372，核载34人，实载45人），造成21人死亡，24人受伤（其中1人重伤）。,42.27790911,127.6239381
2014-12-29,北京,北京海淀区,北京建工一建工程建设有限公司,10,在总承包清华附中体育馆及宿舍楼工程工地发生筏板基础钢筋体系坍塌事故，造成10人死亡，4人受伤。,40.03316205,116.2396778
2013-11-19,北京,北京市朝阳区,民宅,12,一库房发生火灾事故，造成12人死亡，4人受伤。,39.95895317,116.5216949
2011-4-25,北京,北京市大兴区旧宫镇 ,南小街一非法服装加工作坊,18,发生火灾事故，造成18人死亡、24人受伤（其中重伤13人）。,39.81831724,116.443011
2011-4-15,云南,云南省曲靖市宣威县海岱镇,杨梅山煤矿,12,K7运输巷发生瓦斯爆炸事故，造成12人死亡，3人受伤。,26.07721592,104.3541415
2014-1-15,云南,云南省昆明市禄劝县 ,私人所有,12,一辆面包车（云AT816U，核载7人，实载12人）行驶至马鹿塘乡上龙厂村路段时坠下山崖，造成12人死亡。,25.94377104,102.5930275
2013-2-6,云南,云南省昆明市“两区”（倘甸产业园、昆明轿子山旅游开发区）,一辆昌河牌微型面包车,12,（云AG956Q，核载6人，实载15人）在乌蒙乡翻至75米山下，造成12人死亡，3人受伤。,26.08805286,102.8721982
2013-3-18,云南,云南省保山市,楚雄州汽车运输公司,15,一辆大客车（云E10598，核载30人，实载29人）行至大保高速公路113公里+200米处，侧翻下右侧山沟中，造成15人死亡，14人受伤。,25.1204892,99.17799561
2012-4-28,云南,云南省临沧市云县,临沧市交通运输集团公司,11,一辆客车（云S08156，核载19人，实载20人）翻下200余米的深沟内，造成11人死亡，9人受伤（其中6人重伤）。,24.32740648,100.2336801
2014-4-7,云南,云南曲靖市麒麟区东山镇,黎明实业有限公司下海子煤矿,22,发生透水事故，造成22人死亡。,25.25506009,104.0691121
2013-8-11,云南,云南曲靖市罗平县,私人所有,11,一辆面包车（云DV5586）翻下山沟，造成11人死亡，4人重伤。,24.98315713,104.3492788
2011-11-10,云南,云南曲靖市师宗县,私庄煤矿,43,2号副井1747水平石门揭煤过程中发生煤与瓦斯突出事故，造成43人死亡。,24.68019803,104.1294792
2014-4-21,云南,云南曲靖市富源县,红土田煤矿,14,发生瓦斯爆炸事故，造成14人死亡。,25.46721438,104.3674519
2012-12-5,云南,云南曲靖市富源县,上厂煤矿一号井，,17,发生煤与瓦斯突出事故，造成17人死亡，6人受伤。,25.46721438,104.3674519
2015-3-4,云南,云南昆明市官渡区彩云北路 ,东盟联丰农贸中心,12,一辆重型罐式危化品运输货车（载26.12吨食用酒精，乙醇含量95.4%）在东盟联丰农贸中心福萍食用酒精销售部倒灌过程中发生火灾事故，造成12人死亡，10人受伤。 ,24.99448017,102.7731664
2011-9-14,上海,上海市浦东新区 ,上海市北奥客运有限公司,11,的一辆金龙牌大客车（沪AG6427，核载47人，实载24人，上海英业达有限公司租赁为员工班车），沿上海市外环路行驶，与一辆小客车（皖M75412）追尾后侧翻，造成11人死亡，13人不同程度受伤。,31.23089535,121.6384813
2013-8-31,上海,上海宝山区,上海翁牌冷藏实业有限公司,16,发生氨泄漏事故，造成16人死亡，7人重伤。,31.39862269,121.4090412
